allele,peptide,9mer
HLA-A2402,MIIPFHKKF,MIIPFHKKF
HLA-A0301,QVFDYPIEK,QVFDYPIEK
HLA-A0301,ATCKYGFNK,ATCKYGFNK
HLA-A0301,FTNVNQFFK,FTNVNQFFK
HLA-A0301,KIFNFYPRK,KIFNFYPRK
HLA-A0201,VLNGNDNTI,VLNGNDNTI
HLA-A0301,RLNLFCFSFL,RLNFCFSFL
HLA-B2705,KPILWRGLK,KPILWRGLK
HLA-B2705,FRMFLTQGF,FRMFLTQGF
HLA-A0201,YTIGLPPYI,YTIGLPPYI
HLA-A0301,KIFTFIENK,KIFTFIENK
HLA-B0702,LPPPPPNNL,LPPPPPNNL
HLA-B0702,SPNDNINVT,SPNDNINVT
HLA-A0301,GLSPHDTMQK,GLSPHTMQK
HLA-A2402,RLNLFCFSF,RLNLFCFSF
HLA-B0702,FPPNTFDAL,FPPNTFDAL
HLA-A0301,DTFEVYSEY,DTFEVYSEY
HLA-A0301,LSYNSIYHK,LSYNSIYHK
HLA-A0301,KISSFINQRK,KISSFINRK
HLA-B2705,KRHEVPVPL,KRHEVPVPL
HLA-A0201,KLPPLLNEI,KLPPLLNEI
HLA-A0201,FLKKKNITL,FLKKKNITL
HLA-A0301,RLYKLILWR,RLYKLILWR
HLA-A2402,LTIIYIHLF,LTIIYIHLF
HLA-A0201,VIHYGINPV,VIHYGINPV
HLA-B2705,GRIAFFLKY,GRIAFFLKY
HLA-A0201,YIHKLILSV,YIHKLILSV
HLA-A0201,NLFSSIEIV,NLFSSIEIV
HLA-B2705,RRFSSLYSF,RRFSSLYSF
HLA-B0702,CPRKNLQNA,CPRKNLQNA
HLA-A0301,RLNNRSIYK,RLNNRSIYK
HLA-A0301,SIYHKSSTY,SIYHKSSTY
HLA-A2402,LFGDENFSF,LFGDENFSF
HLA-A2402,QYLKDGGFAF,QYLKGGFAF
HLA-A2402,SFIKKYSVF,SFIKKYSVF
HLA-A2402,IYGKGGFQF,IYGKGGFQF
HLA-B0702,RAEISRNDL,RAEISRNDL
HLA-A2402,PFHKKFISFF,PFHKKFIFF
HLA-A2402,DMKNYGTNLF,DMNYGTNLF
HLA-A2402,PFLKSGFTF,PFLKSGFTF
HLA-B2705,WRNSFLLRY,WRNSFLLRY
HLA-A0201,SLFITSDHL,SLFITSDHL
HLA-A0301,RMLRRRAQK,RMLRRRAQK
HLA-A0301,ALNLFFQNK,ALNLFFQNK
HLA-B0702,RPNDCESVL,RPNDCESVL
HLA-A0201,KMKSDQYPI,KMKSDQYPI
HLA-A0301,ILNNSKFNK,ILNNSKFNK
HLA-A0201,KMYSEFKSI,KMYSEFKSI
HLA-B2705,GRIAFSLKY,GRIAFSLKY
HLA-B2705,KRRLLILGR,KRRLLILGR
HLA-A2402,WYKYTESDF,WYKYTESDF
HLA-B2705,FRQSLYLKI,FRQSLYLKI
HLA-A0301,HIYVQKKVK,HIYVQKKVK
HLA-A0301,KMKNFFFTK,KMKNFFFTK
HLA-B2705,GRWALHSAF,GRWALHSAF
HLA-A0301,FIDPQTEMFK,FIDPQTMFK
HLA-A0301,RLFLGLAIK,RLFLGLAIK
HLA-A0301,SIASKNLMWV,SIASKLMWV
HLA-A0301,KQFSAMALK,KQFSAMALK
HLA-A0301,TLYSPRGEK,TLYSPRGEK
HLA-A0301,RSSGSTFSIK,RSSSTFSIK
HLA-A0301,SLQPRGSFK,SLQPRGSFK
HLA-A2402,KYLFIPSHN,KYLFIPSHN
HLA-B2705,RRHCRSYNR,RRHCRSYNR
HLA-B2705,FRICPIFVF,FRICPIFVF
HLA-A0301,RLMFFRPIK,RLMFFRPIK
HLA-B0702,APRIFISDD,APRIFISDD
HLA-A0301,NLNLCGKYTK,NLNLCGKYK
HLA-B2705,KRFLHRQPL,KRFLHRQPL
HLA-A0301,LICGVSPYK,LICGVSPYK
HLA-A2402,PYISKYGNKL,PYISKYNKL
HLA-A0301,LLINRGFSK,LLINRGFSK
HLA-A0201,FLPTGAFKA,FLPTGAFKA
HLA-A0201,SMTNIPMNV,SMTNIPMNV
HLA-B0702,HCRDKTSAL,HCRDKTSAL
HLA-A0201,GIANDLSTL,GIANDLSTL
HLA-A0301,MDFPKLLNK,MDFPKLLNK
HLA-A0201,KLPLESSTI,KLPLESSTI
HLA-A0301,KTCKYYCFK,KTCKYYCFK
HLA-A0201,NMYQQNIPL,NMYQQNIPL
HLA-A0201,LLFQKAANL,LLFQKAANL
HLA-B0702,HPMPINIKL,HPMPINIKL
HLA-B0702,KRASHTTPV,KRASHTTPV
HLA-A2402,DFVIIPHYTF,DFIIPHYTF
HLA-A0201,SISDYTKSL,SISDYTKSL
HLA-A2402,IYKRELYNI,IYKRELYNI
HLA-A0301,KTYPCKIFY,KTYPCKIFY
HLA-A0301,CLFFGIPWK,CLFFGIPWK
HLA-B0702,FLKKKNITL,FLKKKNITL
HLA-A2402,YLNKYVYTI,YLNKYVYTI
HLA-B0702,MNRTFKKMM,MNRTFKKMM
HLA-A2402,GYNWGNYNTE,GYNWGNYNT
HLA-B2705,FRFFTRKSL,FRFFTRKSL
HLA-A0301,KVMTDPSRK,KVMTDPSRK
HLA-A0201,KINETYDKV,KINETYDKV
HLA-A2402,EYKDEYADI,EYKDEYADI
HLA-A0201,KLGVQYFFL,KLGVQYFFL
HLA-A2402,AYVSCYRVSF,AYVSCYRSF
HLA-A0301,STCRFFVCK,STCRFFVCK
HLA-A0301,TTYSPIGEK,TTYSPIGEK
HLA-A0301,RLKCPFYGK,RLKCPFYGK
HLA-A2402,SYNSIYHKS,SYNSIYHKS
HLA-A0301,RSKKTFLVK,RSKKTFLVK
HLA-A0201,FVLENGVCI,FVLENGVCI
HLA-A0201,AVLATILMV,AVLATILMV
HLA-A2402,MYHNKEFDF,MYHNKEFDF
HLA-B0702,HPKYRNFKF,HPKYRNFKF
HLA-A2402,YTIGLPPYI,YTIGLPPYI
HLA-B0702,FVIIPHYTF,FVIIPHYTF
HLA-A2402,IKLNIWRTF,IKLNIWRTF
HLA-A0301,KNYDNYNMK,KNYDNYNMK
HLA-A0301,LLLTNLNKK,LLLTNLNKK
HLA-A2402,KLPPLLNEI,KLPPLLNEI
HLA-A0201,FISDDKDSL,FISDDKDSL
HLA-B2705,RRLLILGRI,RRLLILGRI
HLA-B0702,IPMNVNPNI,IPMNVNPNI
HLA-B0702,HPIEVENNF,HPIEVENNF
HLA-A0201,FDNSGISLL,FDNSGISLL
HLA-A2402,EDIPHVNEF,EDIPHVNEF
HLA-A2402,YYPIIRKQF,YYPIIRKQF
HLA-A2402,LFIPSHNSF,LFIPSHNSF
HLA-A0301,KIYAAGTFY,KIYAAGTFY
HLA-B0702,LQKHGFHTM,LQKHGFHTM
HLA-A2402,EYPLHQEHTY,EYPLHQHTY
HLA-B2705,YRIYDIPPK,YRIYDIPPK
HLA-A0301,TTFFESVSY,TTFFESVSY
HLA-A0301,KLKLPIIMK,KLKLPIIMK
HLA-A0301,KLILWRGLK,KLILWRGLK
HLA-B0702,RVAKNTKKL,RVAKNTKKL
HLA-A0201,FIPSHNSFI,FIPSHNSFI
HLA-B0702,KPNVNHTEL,KPNVNHTEL
HLA-A0301,SLLTPPSTK,SLLTPPSTK
HLA-A0201,CLINNSSYI,CLINNSSYI
HLA-A0201,ILYKNIDCV,ILYKNIDCV
HLA-A0301,STDIIFLTMK,STIIFLTMK
HLA-A0301,RLSHTDIHK,RLSHTDIHK
HLA-A2402,AYLNKYVYTI,AYLNYVYTI
HLA-A0201,VIIPHYTFL,VIIPHYTFL
HLA-A2402,NFGRGQNYW,NFGRGQNYW
HLA-A0201,NLFFQNKSI,NLFFQNKSI
HLA-A0301,TMANQNMNYK,TMANQNMYK
HLA-A0201,KRASHTTPV,KRASHTTPV
HLA-A2402,IFHHLIYVL,IFHHLIYVL
HLA-A0201,YVGDNINNV,YVGDNINNV
HLA-A0201,YLNKYVYTI,YLNKYVYTI
HLA-A2402,YYRSSRGECI,YYSSRGECI
HLA-A2402,KLPLESSTI,KLPLESSTI
HLA-A2402,IFFNNENSI,IFFNNENSI
HLA-A0201,LTHKYNEFV,LTHKYNEFV
HLA-B2705,HRYFFFVAM,HRYFFFVAM
HLA-B0702,RASHTTPVL,RASHTTPVL
HLA-A0301,PSHNSFIKK,PSHNSFIKK
HLA-A0301,LTMKMINNK,LTMKMINNK
HLA-A2402,IYIHLFILN,IYIHLFILN
HLA-B0702,LPDINKSKF,LPDINKSKF
HLA-A2402,NYNNDQYNI,NYNNDQYNI
HLA-A0301,RISGWKGDNK,RISGWKGNK
HLA-A2402,IWRTFQKDEL,IWRTFQDEL
HLA-A0301,DLMNRTFKK,DLMNRTFKK
HLA-A2402,NYKQNNFPF,NYKQNNFPF
HLA-A0301,ITNKNKVTIY,ITNNKVTIY
HLA-A0201,WLNNDIYNV,WLNNDIYNV
HLA-A0301,AMYQRAKLK,AMYQRAKLK
HLA-A0201,NLFEWSKTV,NLFEWSKTV
HLA-A0301,RIAGKALKK,RIAGKALKK
HLA-B0702,FVLENGVCI,FVLENGVCI
HLA-B0702,NPLGEADSL,NPLGEADSL
HLA-A2402,SLTHKYNEF,SLTHKYNEF
HLA-B0702,NPVQLKSKF,NPVQLKSKF
HLA-B2705,KRTNVGILK,KRTNVGILK
HLA-B2705,LRILRIKLR,LRILRIKLR
HLA-A0201,NIFHHLIYV,NIFHHLIYV
HLA-A2402,SYFTYDSEEY,SYFTYSEEY
HLA-B2705,FRFFATPAL,FRFFATPAL
HLA-B2705,RRTQRYFMK,RRTQRYFMK
HLA-A2402,RYNLYDKKL,RYNLYDKKL
HLA-B0702,RPYISKNDL,RPYISKNDL
HLA-A0201,SLIKQNKYV,SLIKQNKYV
HLA-A2402,KMKSDQYPI,KMKSDQYPI
HLA-A0201,FLENFNFPL,FLENFNFPL
HLA-B0702,KVKDSWITL,KVKDSWITL
HLA-B2705,ARWTAFFGV,ARWTAFFGV
HLA-A0301,KVINLSPFK,KVINLSPFK
HLA-A0201,FLFEVTDNL,FLFEVTDNL
HLA-B2705,RLFPGLAIK,RLFPGLAIK
HLA-B2705,YRHLFKVFR,YRHLFKVFR
HLA-A0301,ASFSASTGY,ASFSASTGY
HLA-A0301,ILISRLTLK,ILISRLTLK
HLA-A2402,HYGINPVQL,HYGINPVQL
HLA-A0301,KLYQCNECK,KLYQCNECK
HLA-A2402,KYDPRISGW,KYDPRISGW
HLA-A0201,FQYNDDASI,FQYNDDASI
HLA-A0301,KLLNKPSLDL,KLLNKPSLL
HLA-B0702,ITSDHLRQM,ITSDHLRQM
HLA-A2402,TFLDYYKHL,TFLDYYKHL
HLA-A0301,FCFSFLKSSK,CFSFLKSSK
HLA-A0301,YLFFIQGYK,YLFFIQGYK
HLA-B0702,YPIEKLGHV,YPIEKLGHV
HLA-A0201,HLNNIFHHL,HLNNIFHHL
HLA-A2402,NYKLGVQYFF,NYLGVQYFF
HLA-B2705,ARFAVNLRL,ARFAVNLRL
HLA-B0702,LPIEPKKLA,LPIEPKKLA
HLA-A2402,NMNYKQNNF,NMNYKQNNF
HLA-A2402,GYSTKAENKI,GYSTKAENI
HLA-A2402,SYRYDISEEI,SYYDISEEI
HLA-A0301,TMANQNMNY,TMANQNMNY
HLA-A0201,FLQYHFKEL,FLQYHFKEL
HLA-A2402,NYMGNPWTE,NYMGNPWTE
HLA-A0201,NTFDALYYV,NTFDALYYV
HLA-A0201,KVKDSWITL,KVKDSWITL
HLA-A0201,LISTDIIFL,LISTDIIFL
HLA-B0702,LLNSDRRDL,LLNSDRRDL
